career,esco_label,isco_group,esco_code,description,essential_skill_count,optional_skill_count,data_analytics,programming,mathematics,cybersecurity,networking,problem_solving,creativity_design,systems_cloud,communication_business,sa_validation_status,sa_official_match,sa_high_demand_2024,sa_critical_skills_2023,sa_any_validation,sa_validation_source
Artificial Intelligence Engineer,artificial intelligence engineer,2511,2511.11,"Artificial intelligence engineer apply methods of artificial intelligence in engineering, robotics and computer science to design programs which simulate intelligence including thinking models, cognitive and knowledge-based systems, problem solving, and decision making. They also integrate structured knowledge into computer systems (ontologies, knowledge bases) in order to solve complex problems normally requiring a high level of human expertise or artificial intelligence methods.",31,58,0.3704,0.6987,0.5474,0.0,0.0627,0.2742,0.6343,0.2177,0.3485,Not directly matched in supplied lists,,False,False,False,No direct match in supplied official lists
Cloud Architect,cloud architect,2512,2512.6,"Cloud architects are responsible for converting the technical features of a project into the architecture to lead to the final product. To develop technical cloud strategy, they have in-depth knowledge of the architectural principles and services, assisting with cloud migration efforts, review workload architectures, and provide guidance on how to address high-risk issues. They typically perform in a pre-sales capacity and are often asked to deliver proof-of-concept projects, topical workshops, and lead implementation projects. They team up with DevOps engineers to build the appropriate technologies.",6,11,0.0151,0.0232,0.0,0.0526,0.1034,0.0,0.2313,0.4127,0.0,Related official occupation,Computer Network and Systems Engineer,True,True,True,DHET 2024 High Demand + DHA 2023 Critical Skills
Cloud Devops Engineer,cloud DevOps engineer,2512,2512.7,"Cloud DevOps engineers implement and manage continuous software delivery systems and methodologies. This includes managing and configuring code repositories, build services, automated testing, and deployment mechanisms. For cloud-based workloads, a Cloud DevOps Engineer define and deploy infrastructure as code, automating test and development environments. They can define and configure automated disaster recovery solutions that meet business objectives.",24,6,0.0549,0.1887,0.0,0.081,0.185,0.1129,0.3396,0.8706,0.0455,Related official occupation,Computer Network and Systems Engineer / Systems Administrator,True,True,True,DHET 2024 High Demand + DHA 2023 Critical Skills
Cloud Engineer,cloud engineer,2512,2512.1,"Cloud engineers are responsible for the design, planning, management and maintenance of cloud-based systems. They develop and implement cloud-applications, handle the migration of existing on-premise applications to the cloud, and debug cloud stacks.",33,12,0.1399,0.3808,0.0,0.2287,0.1034,0.3387,0.4701,0.9754,0.0606,Related official occupation,Computer Network and Systems Engineer,True,True,True,DHET 2024 High Demand + DHA 2023 Critical Skills
Computer Scientist,computer scientist,2511,2511.1,"Computer scientists conduct research in computer and information science, directed toward greater knowledge and understanding of fundamental aspects of ICT phenomena. They write research reports and proposals. Computer scientists also invent and design new approaches to computing technology, find innovative uses for existing technology and studies and solve complex problems in computing.",45,45,0.2222,0.0298,0.6131,0.0,0.0972,0.2298,0.056,0.0226,0.1879,Not directly matched in supplied lists,,False,False,False,No direct match in supplied official lists
Cyber Incident Responder,cyber incident responder,2529,2529.7,"Cyber incident responders monitor and assess cybersecurity state systems, analysing, evaluating, and mitigating the impact of cybersecurity incidents. Moreover, they identify malicious actors and cyber incidents root causes. According to the organisation’s Incident Response Plan, they restore systems and process functionalities to an operational state, collecting evidence and documenting actions taken.",23,52,0.0727,0.0364,0.0,0.8198,0.0972,0.2782,0.0,0.271,0.3606,Related official occupation,ICT Security Specialist,True,True,True,DHET 2024 High Demand + DHA 2023 Critical Skills
Cybersecurity Risk Manager,cybersecurity risk manager,2529,2529.8,"Cybersecurity risk managers identify, analyse, assess, estimate and mitigate cybersecurity-related risks of ICT infrastructures such as systems or services. They manage these aspects by planning risk analysis, applying, reporting, assessing, communicating, and treating them. They establish a risk management strategy for the organisation and ensure that risks remain at an acceptable level for the organisation by selecting mitigation actions and controls.",22,50,0.0151,0.0,0.0,0.9818,0.1442,0.5605,0.041,0.3573,0.2667,Related official occupation,ICT Security Specialist,True,True,True,DHET 2024 High Demand + DHA 2023 Critical Skills
Data Analyst,data analyst,2511,2511.3,"Data analysts import, inspect, clean, transform, validate, model, or interpret collections of data with regard to the business goals of the company. They ensure that the data sources and repositories provide consistent and reliable data. Data analysts use different algorithms and IT tools as demanded by the situation and the current data. They might prepare reports in the form of visualisations such as graphs, charts, and dashboards.",36,31,1.0,0.0497,0.7737,0.0223,0.0345,0.5282,0.2873,0.1129,0.2273,Not directly matched in supplied lists,,False,False,False,No direct match in supplied official lists
Data Engineer,data engineer,2511,2511.20,"Data engineers develop the architecture needed to process, manage, and store large amounts of data which will be used by data scientists for analysis. They design the infrastructure and maintain data pipelines and warehouses to leverage data for strategic advantage.",23,5,0.6722,0.0,0.292,0.0,0.047,0.1935,0.1306,0.2546,0.0,Not directly matched in supplied lists,,False,False,False,No direct match in supplied official lists
Data Scientist,data scientist,2511,2511.4,"Data scientists find and interpret rich data sources, manage large amounts of data, merge data sources, ensure consistency of data-sets, and create visualisations to aid in understanding data. They build mathematical models using data, present and communicate data insights and findings to specialists and scientists in their team and if required, to a non-expert audience, and recommend ways to apply the data.",63,34,0.9273,0.0298,1.0,0.0,0.0972,0.4919,0.4366,0.1273,0.2333,Exact official occupation,Data Scientist,True,True,True,DHET 2024 High Demand + DHA 2023 Critical Skills
Database Administrator,database administrator,2521,2521.1,"Database administrators test, implement and administer computer databases. They use their expertise in database management systems to plan, coordinate and implement security measures to safeguard computer databases. They also use scripts and configuration files to tailor a database to users' needs.",28,39,0.6187,0.1325,0.0657,0.0931,0.0,0.3024,0.1903,0.3368,0.1333,Related official occupation,Database Designer and Administrator,True,False,True,DHET 2024 High Demand
Database Developer,database developer,2521,2521.3,"Database developers program, implement and coordinate changes to computer databases based on their expertise of database management systems.",20,96,0.5295,0.5828,0.146,0.0628,0.0345,0.4919,0.1493,0.2813,0.2818,Not directly matched in supplied lists,,False,False,False,No direct match in supplied official lists
Digital Forensics Expert,digital forensics expert,2529,2529.2,"Digital forensics experts retrieve and analyse information from computers and other types of data storage devices. They examine digital media that may have been hidden, encrypted or damaged, in a forensic manner with the aim to identify, preserve, recover, analyse and present facts and opinions about the digital information.",40,37,0.2305,0.0662,0.0,1.0,0.2571,0.7984,0.041,0.1951,0.1879,Related official occupation,ICT Security Specialist,True,True,True,DHET 2024 High Demand + DHA 2023 Critical Skills
Ethical Hacker,ethical hacker,2529,2529.4,"Ethical hackers perform security vulnerability assessments and penetration tests in accordance with industry-accepted methods and protocols. They analyse systems for potential vulnerabilities that may result from improper system configuration, hardware or software flaws, or operational weaknesses.",36,38,0.0151,0.3311,0.0,0.8826,0.1254,1.0,0.0,0.3676,0.1818,Related official occupation,ICT Security Specialist,True,True,True,DHET 2024 High Demand + DHA 2023 Critical Skills
Ict Business Analyst,ICT business analyst,2511,2511.9,"ICT business analysts are in charge of analysing and designing an organisation's processes and systems, assessing the business model and its integration with technology. They also identify change needs, assess the impact of the change, capture and document requirements and then ensure that these requirements are delivered whilst supporting the business through the implementation process.",18,19,0.0425,0.0,0.0803,0.0628,0.0,0.5403,0.2127,0.1848,1.0,Not directly matched in supplied lists,,False,False,False,No direct match in supplied official lists
Ict Help Desk Agent,ICT help desk agent,3512,3512.1,"ICT help desk agents provide technical assistance to computer users, answer questions or solve computer problems for clients via telephone or electronically. They provide assistance concerning the use of computer hardware and software.",20,12,0.0302,0.0,0.0,0.0,0.069,0.375,0.0,0.2136,0.6455,Not directly matched in supplied lists,,False,False,False,No direct match in supplied official lists
Ict Network Administrator,ICT network administrator,2522,2522.1.1,"ICT network administrators maintain operation of a reliable, secure, and efficient data communications network, including LAN, WAN, intranet, and internet. They perform network address assignment, management and implementation of routing protocols such as ISIS, OSPF, BGP, routing table configurations and certain implementations of authentication. They perform maintenance and administration of servers (file servers, VPN gateways, intrusion detection systems), desktop computers, printers, routers, switches, firewalls, phones, IP communications, personal digital assistants, smartphones, software deployment, security updates and patches as well as a vast array of additional technologies inclusive of both hardware and software.",34,64,0.0357,0.4967,0.0,0.2146,0.7712,0.4919,0.1567,0.7413,0.2333,Related official occupation,Systems Administrator / Network Analyst,True,True,True,DHET 2024 High Demand + DHA 2023 Critical Skills
Ict Network Architect,ICT network architect,2523,2523.2,"ICT network architects design the topology and connectivity of ICT network such as hardware, infrastructure, communication and hardware components.",28,27,0.0151,0.0,0.0,0.1437,1.0,0.375,0.6269,0.3101,0.4212,Related official occupation,Computer Network and Systems Engineer,True,True,True,DHET 2024 High Demand + DHA 2023 Critical Skills
Ict Network Engineer,ICT network engineer,2523,2523.3,"ICT network engineers implement, maintain and support computer networks. They also perform network modelling, analysis, and planning. They may also design network and computer security measures. They may research and recommend network and data communications hardware and software.",23,75,0.048,0.7815,0.0,0.1336,0.6803,0.5685,0.4515,0.4189,0.1727,Related official occupation,Computer Network and Systems Engineer,True,True,True,DHET 2024 High Demand + DHA 2023 Critical Skills
Ict Security Administrator,ICT security administrator,2529,2529.6,"ICT security administrators plan and carry out security measures to protect information and data from unauthorised access, deliberate attack, theft and corruption.",25,34,0.1783,0.0364,0.0,0.5587,0.1944,0.4637,0.0,0.4456,0.0939,Related official occupation,ICT Security Specialist,True,True,True,DHET 2024 High Demand + DHA 2023 Critical Skills
Ict Security Technician,ICT security technician,3512,3512.3,"ICT security technicians propose and implement necessary security updates and measures whenever is required. They advise, support, inform and provide training and security awareness.",34,61,0.0302,0.5331,0.0,0.6721,0.1944,0.6774,0.0821,0.5729,0.2848,Related official occupation,ICT Security Specialist,True,True,True,DHET 2024 High Demand + DHA 2023 Critical Skills
Ict System Administrator,ICT system administrator,2522,2522.1,"ICT system administrators are responsible for the upkeep, configuration, and reliable operation of computer and network systems, servers, workstations and peripheral devices. They may acquire, install, or upgrade computer components and software; automate routine tasks; write computer programs; troubleshoot; train and supervise staff; and provide technical support. They ensure optimum system integrity, security, backup and performance.",32,28,0.0576,0.1159,0.0,0.2186,0.2696,0.3468,0.041,1.0,0.2333,Related official occupation,Systems Administrator,True,False,True,DHET 2024 High Demand
Ict System Analyst,ICT system analyst,2511,2511.13,"ICT system analysts specify the system needs to meet the end user requirements. They analyse system functions in order to define their goals or purposes and to discover operations and procedures for accomplishing them most efficiently. They also design new IT solutions to improve business efficiency and productivity, produce outline designs and estimate costs of new systems, specify the operations the system will perform, and the way data will be viewed by the end user. They present the design to the users and work closely with the users to implement the solution.",28,69,0.0905,0.4007,0.3066,0.0405,0.0972,0.9758,0.2537,0.5647,0.4485,Exact official occupation,ICT Systems Analyst,True,True,True,DHET 2024 High Demand + DHA 2023 Critical Skills
Ict System Architect,ICT system architect,2511,2511.14,"ICT system architects design architecture, components, modules, interfaces, and data for a multi-components system to meet specified requirements.",23,69,0.1632,0.5762,0.0803,0.085,0.0,0.3468,0.5933,0.7269,0.3273,Related official occupation,ICT Systems Analyst,True,True,True,DHET 2024 High Demand + DHA 2023 Critical Skills
Ict Technician,ICT technician,3512,3512.4,"ICT technicians install, maintain, repair and operate information systems and any ICT related equipment (laptops, desktops, servers, tablets, smart phones, communications equipment, printers and any piece of computer related peripheral networks), and any type of software (drivers, operating systems, applications).",23,57,0.0,0.4735,0.0,0.0223,0.3605,0.1855,0.0821,0.3984,0.203,Not directly matched in supplied lists,,False,False,False,No direct match in supplied official lists
Mobile Application Developer,mobile application developer,2514,2514.2.2,"Mobile application developers implement applications software for mobile devices, based on the designs provided, using general or specific development tools for device operating systems.",18,70,0.0274,0.9073,0.0,0.0223,0.0,0.1169,0.4366,0.2485,0.1273,Related official occupation,Applications Programmer,False,True,True,DHA 2023 Critical Skills
Software Developer,software developer,2512,2512.4,"Software developers implement or program all kinds of software systems based on specifications and designs by using programming languages, tools, and platforms.",24,84,0.0302,1.0,0.0,0.0445,0.0,0.1613,0.459,0.1848,0.2485,Exact official occupation,Software Developer,True,True,True,DHET 2024 High Demand + DHA 2023 Critical Skills
Software Tester,software tester,2519,2519.7,Software testers perform software tests. They may also plan and design them. They may also debug and repair software although this mainly corresponds to designers and developers. They ensure that applications function properly before delivering them to internal and external clients.,10,70,0.0151,0.7053,0.0,0.0,0.0,0.9798,0.2425,0.0637,0.2212,Related official occupation,Computer Quality Assurance Analyst,False,True,True,DHA 2023 Critical Skills
User Interface Designer,user interface designer,2513,2513.3,"User interface designers are in charge of designing user interfaces for applications and systems. They perform layout, graphics and dialogues design activities as well as adaptation activities.",27,68,0.0151,0.5927,0.146,0.0405,0.0,0.2137,1.0,0.0945,0.3758,Not directly matched in supplied lists,,False,False,False,No direct match in supplied official lists
Web Developer,web developer,2513,2513.5,"Web developers develop, implement and document web-accessible software based on the designs provided. They align the client's web presence with its business strategy, troubleshoot software problems and issues and look for ways to improve the application.",26,77,0.0151,0.9702,0.0,0.0445,0.0,0.2218,0.597,0.1088,0.2,Exact official occupation,Web Developer,True,False,True,DHET 2024 High Demand
